,precision,recall,f1-score,support
F0,0.6227897838899804,1.0,0.7675544794188862,317.0
F1,0.0,0.0,0.0,129.0
F2,0.0,0.0,0.0,119.0
F3,0.0,0.0,0.0,129.0
F4,0.2590909090909091,0.4470588235294118,0.32805755395683456,255.0
accuracy,0.4541622760800843,0.4541622760800843,0.4541622760800843,0.4541622760800843
macro avg,0.1763761385961779,0.28941176470588237,0.21912240667514418,949.0
weighted avg,0.27765283805195534,0.4541622760800843,0.34454103923580587,949.0
