,precision,recall,f1-score,support
F0,0.6240157480314961,1.0,0.7684848484848484,317.0
F1,0.20642201834862386,0.3488372093023256,0.25936599423631124,129.0
F2,0.0,0.0,0.0,119.0
F3,0.0,0.0,0.0,129.0
F4,0.31390134529147984,0.27450980392156865,0.2928870292887029,255.0
accuracy,0.45521601685985247,0.45521601685985247,0.45521601685985247,0.45521601685985247
macro avg,0.22886782233431996,0.32466940264477884,0.2641475744019725,949.0
weighted avg,0.32084960541863444,0.45521601685985247,0.37065764246027433,949.0
