,precision,recall,f1-score,support
F0,0.9840255591054313,0.9716088328075709,0.9777777777777777,317.0
F1,0.6966292134831461,0.4806201550387597,0.5688073394495413,129.0
F2,0.45989304812834225,0.7226890756302521,0.5620915032679739,119.0
F3,0.6966292134831461,0.4806201550387597,0.5688073394495413,129.0
F4,0.7933579335793358,0.8431372549019608,0.8174904942965779,255.0
accuracy,0.7723919915700738,0.7723919915700738,0.7723919915700738,0.7723919915700738
macro avg,0.7261069935558803,0.6997350946834606,0.6989948908482825,949.0
weighted avg,0.7889357061170461,0.7723919915700738,0.771398118090678,949.0
