,precision,recall,f1-score,support
F0,0.9625,0.9716088328075709,0.967032967032967,317.0
F1,0.6511627906976745,0.43410852713178294,0.5209302325581395,129.0
F2,0.4218009478672986,0.7478991596638656,0.5393939393939394,119.0
F3,0.75,0.4418604651162791,0.5560975609756098,129.0
F4,0.80078125,0.803921568627451,0.8023483365949119,255.0
accuracy,0.7534246575342466,0.7534246575342466,0.7534246575342466,0.7534246575342466
macro avg,0.7172489977129947,0.6798797106693899,0.6771606073111135,949.0
weighted avg,0.780037967909598,0.7534246575342466,0.7526583145783831,949.0
