,precision,recall,f1-score,support
F0,1.0,1.0,1.0,317.0
F1,0.7638888888888888,0.8527131782945736,0.8058608058608059,129.0
F2,0.8888888888888888,0.8067226890756303,0.8458149779735683,119.0
F3,0.889763779527559,0.875968992248062,0.8828125,129.0
F4,0.9525691699604744,0.9450980392156862,0.9488188976377953,255.0
accuracy,0.9241306638566913,0.9241306638566913,0.9241306638566913,0.9241306638566913
macro avg,0.8990221454531623,0.8961005797667905,0.896661436294434,949.0
weighted avg,0.9262424766527086,0.9241306638566913,0.9245939491386053,949.0
