,precision,recall,f1-score,support
F0,0.990625,1.0,0.9952904238618524,317.0
F1,0.7642857142857142,0.8294573643410853,0.7955390334572491,129.0
F2,0.8411214953271028,0.7563025210084033,0.7964601769911505,119.0
F3,0.848,0.8217054263565892,0.8346456692913385,129.0
F4,0.9416342412451362,0.9490196078431372,0.9453125,255.0
accuracy,0.9083245521601686,0.9083245521601686,0.9083245521601686,0.9083245521601686
macro avg,0.8771332901715907,0.8712969839098431,0.8734495607203181,949.0
weighted avg,0.9085597171804976,0.9083245521601686,0.9079392408648282,949.0
